<?xml version="1.0" encoding="UTF-8" ?>
<!DOCTYPE mapper PUBLIC "-//mybatis.org//DTD Mapper 3.0//EN" "http://mybatis.org/dtd/mybatis-3-mapper.dtd" >
<mapper namespace="com.smxy.wechat.dao.WcUserRolesMapper" >
  <resultMap id="BaseResultMap" type="com.smxy.wechat.pojo.WcUserRoles" >
    <id column="user_id" property="userId" jdbcType="VARCHAR" />
    <result column="user_role" property="userRole" jdbcType="VARCHAR" />
  </resultMap>
  <sql id="Base_Column_List" >
    user_id, user_role
  </sql>
  <select id="selectByPrimaryKey" resultMap="BaseResultMap" parameterType="java.lang.String" >
    select 
    <include refid="Base_Column_List" />
    from wc_user_roles
    where user_id = #{userId,jdbcType=VARCHAR}
  </select>
  <delete id="deleteByPrimaryKey" parameterType="java.lang.String" >
    delete from wc_user_roles
    where user_id = #{userId,jdbcType=VARCHAR}
  </delete>
  <insert id="insert" parameterType="com.smxy.wechat.pojo.WcUserRoles" >
    insert into wc_user_roles (user_id, user_role)
    values (#{userId,jdbcType=VARCHAR}, #{userRole,jdbcType=VARCHAR})
  </insert>
  <insert id="insertSelective" parameterType="com.smxy.wechat.pojo.WcUserRoles" >
    insert into wc_user_roles
    <trim prefix="(" suffix=")" suffixOverrides="," >
      <if test="userId != null" >
        user_id,
      </if>
      <if test="userRole != null" >
        user_role,
      </if>
    </trim>
    <trim prefix="values (" suffix=")" suffixOverrides="," >
      <if test="userId != null" >
        #{userId,jdbcType=VARCHAR},
      </if>
      <if test="userRole != null" >
        #{userRole,jdbcType=VARCHAR},
      </if>
    </trim>
  </insert>
  <update id="updateByPrimaryKeySelective" parameterType="com.smxy.wechat.pojo.WcUserRoles" >
    update wc_user_roles
    <set >
      <if test="userRole != null" >
        user_role = #{userRole,jdbcType=VARCHAR},
      </if>
    </set>
    where user_id = #{userId,jdbcType=VARCHAR}
  </update>
  <update id="updateByPrimaryKey" parameterType="com.smxy.wechat.pojo.WcUserRoles" >
    update wc_user_roles
    set user_role = #{userRole,jdbcType=VARCHAR}
    where user_id = #{userId,jdbcType=VARCHAR}
  </update>
</mapper>