<?xml version="1.0" encoding="UTF-8" ?>
<!DOCTYPE mapper PUBLIC "-//mybatis.org//DTD Mapper 3.0//EN" "http://mybatis.org/dtd/mybatis-3-mapper.dtd" >
<mapper namespace="com.smxy.wechat.dao.WcUserMapper">
	<resultMap id="BaseResultMap" type="com.smxy.wechat.pojo.WcUser">
		<id column="user_id" property="userId" jdbcType="VARCHAR" />
		<result column="user_password" property="userPassword"
			jdbcType="VARCHAR" />
		<result column="user_active" property="userActive" jdbcType="VARCHAR" />
	</resultMap>
	<resultMap id="WithRoleResultMap" type="com.smxy.wechat.pojo.WcUserAll">
		<id column="user_id" property="userId" jdbcType="VARCHAR" />
		<result column="user_password" property="userPassword"
			jdbcType="VARCHAR" />
		<result column="user_active" property="userActive" jdbcType="VARCHAR" />
		<association property="wcUserRoles" javaType="com.smxy.wechat.pojo.WcUserRoles">
			<id column="user_id" property="userId" jdbcType="VARCHAR" />
			<result column="user_role" property="userRole" jdbcType="VARCHAR" />
		</association>
	</resultMap>
	<sql id="Base_Column_List">
		user_id, user_password, user_active
	</sql>
	<sql id="withRole_Column_List">
		a.user_id,a.user_password,a.user_active,b.user_id,b.user_role
	</sql>
	<select id="selectByPrimaryKey" resultMap="BaseResultMap"
		parameterType="java.lang.String">
		select
		<include refid="Base_Column_List" />
		from wc_user
		where user_id = #{userId,jdbcType=VARCHAR}
	</select>
	<select id="selectRoleByPrimaryKey" resultMap="WithRoleResultMap"
		parameterType="java.lang.String">
		select
		<include refid="withRole_Column_List" /> 
		from wc_user a
		left join
		wc_user_roles b on a.`user_id`=b.`user_id`
		where a.user_id=#{userId,jdbcType=VARCHAR}
	</select>
	
	<delete id="deleteByPrimaryKey" parameterType="java.lang.String">
		delete from
		wc_user
		where user_id = #{userId,jdbcType=VARCHAR}
	</delete>
	<insert id="insert" parameterType="com.smxy.wechat.pojo.WcUser">
		insert into wc_user (user_id,
		user_password, user_active
		)
		values (#{userId,jdbcType=VARCHAR},
		#{userPassword,jdbcType=VARCHAR},
		#{userActive,jdbcType=VARCHAR}
		)
	</insert>
	<insert id="insertSelective" parameterType="com.smxy.wechat.pojo.WcUser">
		insert into wc_user
		<trim prefix="(" suffix=")" suffixOverrides=",">
			<if test="userId != null">
				user_id,
			</if>
			<if test="userPassword != null">
				user_password,
			</if>
			<if test="userActive != null">
				user_active,
			</if>
		</trim>
		<trim prefix="values (" suffix=")" suffixOverrides=",">
			<if test="userId != null">
				#{userId,jdbcType=VARCHAR},
			</if>
			<if test="userPassword != null">
				#{userPassword,jdbcType=VARCHAR},
			</if>
			<if test="userActive != null">
				#{userActive,jdbcType=VARCHAR},
			</if>
		</trim>
	</insert>
	<update id="updateByPrimaryKeySelective" parameterType="com.smxy.wechat.pojo.WcUser">
		update wc_user
		<set>
			<if test="userPassword != null">
				user_password = #{userPassword,jdbcType=VARCHAR},
			</if>
			<if test="userActive != null">
				user_active = #{userActive,jdbcType=VARCHAR},
			</if>
		</set>
		where user_id = #{userId,jdbcType=VARCHAR}
	</update>
	<update id="updateByPrimaryKey" parameterType="com.smxy.wechat.pojo.WcUser">
		update wc_user
		set
		user_password = #{userPassword,jdbcType=VARCHAR},
		user_active =
		#{userActive,jdbcType=VARCHAR}
		where user_id =
		#{userId,jdbcType=VARCHAR}
	</update>
</mapper>