<?xml version="1.0" encoding="UTF-8"?>
 <!DOCTYPE generatorConfiguration PUBLIC "-//mybatis.org//DTD MyBatis Generator Configuration 1.0//EN" "http://mybatis.org/dtd/mybatis-generator-config_1_0.dtd">
 <generatorConfiguration>
     <!-- 数据库驱动包位置 -->
     <!-- <classPathEntry location="D:\MavenRepository\repository\jar\mysql-connector-java-5.1.7-bin.jar" />  -->
     <!-- <classPathEntry location="C:\oracle\product\10.2.0\db_1\jdbc\lib\ojdbc14.jar" />-->
     <context id="DB2Tables" targetRuntime="MyBatis3">
     <plugin type="org.mybatis.generator.plugins.EqualsHashCodePlugin"></plugin>
     <plugin type="org.mybatis.generator.plugins.SerializablePlugin"></plugin>
     <plugin type="org.mybatis.generator.plugins.ToStringPlugin"></plugin>
         <commentGenerator>
             <property name="suppressAllComments" value="true" />
         </commentGenerator>
         <!-- 数据库链接URL、用户名、密码 -->
          <jdbcConnection driverClass="com.mysql.jdbc.Driver" connectionURL="jdbc:mysql://localhost:3306/wechat" userId="root" password="671354"> 
         </jdbcConnection>
         <javaTypeResolver>
             <property name="forceBigDecimals" value="false" />
         </javaTypeResolver>
         <!-- 生成实体类的包名和位置，这里配置将生成的实体类放在com.smxy.lq.pojo这个包下 -->
         <javaModelGenerator targetPackage="com.smxy.wechat.pojo" targetProject="src\main\java\">                                                                   
             <property name="enableSubPackages" value="true" />
             <property name="trimStrings" value="true" />
         </javaModelGenerator>
         <!-- 生成的SQL映射文件包名和位置，这里配置将生成的SQL映射文件放在com.smxy.wechat.mapper这个包下 -->
         <sqlMapGenerator targetPackage="com.smxy.wechat.mapper" targetProject="src\main\java\">
             <property name="enableSubPackages" value="true" />
         </sqlMapGenerator>
         <!-- 生成DAO的包名和位置，这里配置将生成的dao类放在com.smxy.wechat.dao这个包下 -->
         <javaClientGenerator type="XMLMAPPER" targetPackage="com.smxy.wechat.dao" targetProject="src\main\java\">
             <property name="enableSubPackages" value="true" />
         </javaClientGenerator>
         <!-- 要生成那些表(更改tableName和domainObjectName就可以) -->
         <!-- <table tableName="wc_user" domainObjectName="WcUser" enableCountByExample="false" enableUpdateByExample="false" enableDeleteByExample="false" enableSelectByExample="false" selectByExampleQueryId="false" /> -->
         <table tableName="wc_user_roles" domainObjectName="WcUserRoles" enableCountByExample="false" enableUpdateByExample="false" enableDeleteByExample="false" enableSelectByExample="false" selectByExampleQueryId="false" />
         <table tableName="wc_user_power" domainObjectName="WcUserPower" enableCountByExample="false" enableUpdateByExample="false" enableDeleteByExample="false" enableSelectByExample="false" selectByExampleQueryId="false" />
     </context>
</generatorConfiguration>